1,El-Masri,Daniel,951 rue Testing,delmasri@exemple.com,(438) 555-4388,A2B 9C4
2,Bourne,Jason,123 rue Testing,jbourne@exemple.com,(438) 555-0123,A1B 2C3
3,Wick,John,456 rue Testing,jwick@exemple.com,(438) 555-4567,A2B 3C4
4,Bond,James,789 rue Testing,jbond@exemple.com,(438) 555-9101,A3B 4C5
5,Wayne,Bruce,014 rue Testing,bwayne@exemple.com,(438) 555-1258,A4B 5C6
6,Lucas,Frank,025 rue Testing,flucas@exemple.com,(438) 555-6947,A5B 6C7
7,Gillick,Alejandro,036 rue Testing,agillick@exemple.com,(438) 555-6598,A6B 7C8
8,Hunt,Ethan,147 rue Testing,ehunt@exemple.com,(438) 555-2525,A7B 8C9
9,Moses,Frank,258 rue Testing,fmoses@exemple.com,(438) 555-7896,A8B 9C1
10,Clovis,William,369 rue Testing,wclovis@exemple.com,(438) 555-6532,A9B 1C2
